State/Substate Region,12-17 (Estimate),12-17 (95% Confidence Interval),18-25 (Estimate),18-25 (95% Confidence Interval),26+ (Estimate),26+ (95% Confidence Interval),18+ (Estimate),18+ (95% Confidence Interval)
Total United States,39.63,(39.10 - 40.16),32.89,(32.35 - 33.43),43.67,(43.12 - 44.22),42.09,(41.61 - 42.57)
Northeast,37.76,(36.78 - 38.75),29.97,(29.00 - 30.96),41.52,(40.52 - 42.53),39.87,(39.00 - 40.75)
Midwest,37.30,(36.54 - 38.06),28.02,(27.29 - 28.76),40.14,(39.36 - 40.93),38.35,(37.66 - 39.03)
South,41.79,(40.99 - 42.60),35.78,(35.02 - 36.55),46.12,(45.28 - 46.95),44.62,(43.90 - 45.35)
West,39.89,(38.85 - 40.94),35.31,(34.28 - 36.35),44.95,(43.86 - 46.05),43.47,(42.54 - 44.41)
Alabama,42.88,(39.95 - 45.85),35.93,(33.05 - 38.93),46.95,(43.79 - 50.14),45.35,(42.59 - 48.15)
Region 1,41.47,(37.05 - 46.02),35.24,(30.39 - 40.42),45.81,(41.12 - 50.58),44.46,(40.23 - 48.77)
Region 2,42.73,(38.71 - 46.85),34.26,(30.11 - 38.67),48.28,(44.01 - 52.58),46.25,(42.50 - 50.05)
Region 3,44.50,(39.40 - 49.71),37.18,(31.88 - 42.80),47.62,(42.42 - 52.87),45.71,(41.17 - 50.32)
Region 4,43.37,(38.74 - 48.11),37.98,(32.97 - 43.27),46.00,(41.26 - 50.81),44.90,(40.65 - 49.22)
Alaska,39.18,(36.15 - 42.29),27.70,(24.67 - 30.94),40.46,(37.22 - 43.78),38.44,(35.61 - 41.35)
Anchorage,40.93,(36.69 - 45.31),29.27,(25.28 - 33.61),42.29,(38.09 - 46.61),40.26,(36.58 - 44.05)
Northern,40.47,(35.79 - 45.32),27.62,(23.12 - 32.62),40.10,(35.46 - 44.92),37.72,(33.70 - 41.92)
South Central,35.41,(31.13 - 39.94),24.93,(20.28 - 30.24),38.06,(33.60 - 42.74),36.13,(32.17 - 40.30)
Southeast,38.78,(33.53 - 44.31),*,(* - *),39.80,(34.46 - 45.39),38.26,(33.45 - 43.32)
Arizona,36.05,(33.09 - 39.11),35.40,(31.97 - 38.98),43.38,(40.26 - 46.55),42.21,(39.46 - 45.01)
Maricopa,36.31,(32.69 - 40.10),36.15,(32.20 - 40.29),44.25,(40.55 - 48.02),43.09,(39.85 - 46.40)
Pima,34.49,(29.85 - 39.44),33.37,(27.64 - 39.64),42.38,(37.74 - 47.16),41.02,(36.80 - 45.38)
Rural North,35.27,(30.37 - 40.51),31.25,(25.54 - 37.59),39.82,(34.69 - 45.18),38.51,(33.90 - 43.32)
Rural South,37.24,(32.21 - 42.56),*,(* - *),43.68,(38.73 - 48.76),42.92,(38.36 - 47.59)
Arkansas,40.27,(37.42 - 43.19),34.54,(31.40 - 37.83),43.40,(40.40 - 46.45),42.14,(39.48 - 44.85)
Catchment Area 1,39.31,(34.47 - 44.37),31.55,(26.16 - 37.48),42.37,(37.66 - 47.21),40.71,(36.50 - 45.05)
Catchment Area 2,37.81,(32.70 - 43.20),32.74,(27.18 - 38.84),41.71,(36.60 - 47.00),40.53,(35.94 - 45.30)
Catchment Area 3,40.27,(35.81 - 44.90),34.61,(29.28 - 40.35),42.27,(37.71 - 46.96),41.13,(37.03 - 45.36)
Catchment Area 4,39.21,(34.22 - 44.43),30.73,(25.24 - 36.83),42.53,(37.51 - 47.71),41.05,(36.49 - 45.76)
Catchment Area 5,37.45,(32.96 - 42.16),31.29,(26.65 - 36.34),42.24,(37.56 - 47.06),40.48,(36.37 - 44.72)
Catchment Area 6,44.72,(39.51 - 50.05),42.09,(35.84 - 48.61),47.29,(41.98 - 52.66),46.52,(41.70 - 51.41)
Catchment Area 7,40.75,(35.54 - 46.16),*,(* - *),45.95,(40.71 - 51.28),45.02,(40.23 - 49.91)
Catchment Area 8,42.96,(38.16 - 47.89),37.75,(32.35 - 43.46),44.70,(40.06 - 49.44),43.80,(39.62 - 48.08)
California,41.40,(39.74 - 43.08),37.17,(35.52 - 38.86),46.25,(44.43 - 48.09),44.81,(43.24 - 46.38)
Region 1R,37.78,(33.27 - 42.52),30.08,(25.26 - 35.38),40.34,(35.88 - 44.96),38.52,(34.59 - 42.61)
Region 2R,36.84,(32.50 - 41.40),30.06,(25.31 - 35.29),41.63,(37.16 - 46.24),39.64,(35.72 - 43.69)
Region 3R (Sacramento),41.05,(36.61 - 45.65),36.97,(32.01 - 42.23),43.52,(39.18 - 47.95),42.50,(38.61 - 46.48)
Region 4R,38.72,(34.25 - 43.39),32.19,(27.03 - 37.81),43.29,(38.74 - 47.96),41.72,(37.61 - 45.94)
Region 5R (San Francisco),*,(* - *),33.29,(27.70 - 39.41),41.36,(36.72 - 46.16),40.61,(36.25 - 45.13)
Region 6 (Santa Clara),41.86,(37.38 - 46.47),37.83,(32.65 - 43.29),46.26,(41.95 - 50.62),45.16,(41.23 - 49.14)
Region 7R (Contra Costa),40.87,(36.27 - 45.64),36.34,(31.01 - 42.02),44.59,(40.00 - 49.26),43.44,(39.29 - 47.69)
Region 8R (Alameda),44.38,(39.73 - 49.13),36.39,(31.64 - 41.42),45.59,(41.16 - 50.09),44.32,(40.38 - 48.34)
Region 9R (San Mateo),41.44,(36.48 - 46.57),36.37,(30.56 - 42.61),45.27,(40.46 - 50.16),44.24,(39.84 - 48.74)
Region 10,42.65,(38.11 - 47.31),37.53,(32.13 - 43.26),45.62,(41.18 - 50.14),44.23,(40.31 - 48.21)
Region 11 (Los Angeles),42.44,(40.19 - 44.71),40.86,(38.52 - 43.25),48.98,(46.70 - 51.26),47.70,(45.71 - 49.70)
LA SPA 1 and 5,39.77,(35.19 - 44.53),32.44,(27.06 - 38.34),42.99,(38.50 - 47.59),41.41,(37.37 - 45.56)
LA SPA 2,40.74,(36.45 - 45.17),38.53,(33.84 - 43.44),46.66,(42.53 - 50.84),45.49,(41.79 - 49.24)
LA SPA 3,42.23,(37.93 - 46.66),38.37,(33.88 - 43.06),48.89,(44.50 - 53.30),47.24,(43.41 - 51.10)
LA SPA 4,42.35,(37.73 - 47.10),44.02,(38.29 - 49.92),50.07,(45.70 - 54.45),49.23,(45.21 - 53.26)
LA SPA 6,44.92,(40.10 - 49.85),44.75,(38.77 - 50.89),54.44,(49.61 - 59.18),52.41,(48.15 - 56.64)
LA SPA 7,44.32,(39.40 - 49.34),46.07,(40.63 - 51.61),53.97,(49.39 - 58.49),52.61,(48.54 - 56.65)
LA SPA 8,42.64,(38.24 - 47.16),42.19,(36.84 - 47.73),48.41,(44.10 - 52.75),47.48,(43.58 - 51.41)
Region 12R,39.19,(34.58 - 44.00),35.61,(29.74 - 41.95),44.11,(39.44 - 48.88),42.72,(38.51 - 47.03)
Regions 13 and 19R,42.25,(38.24 - 46.37),38.44,(33.70 - 43.41),46.25,(42.19 - 50.35),44.90,(41.29 - 48.56)
Region 13 (Riverside),42.47,(38.18 - 46.87),38.16,(33.10 - 43.49),45.78,(41.47 - 50.16),44.48,(40.63 - 48.40)
Region 19R (Imperial),*,(* - *),*,(* - *),*,(* - *),50.19,(45.50 - 54.88)
Region 14 (Orange),42.96,(39.08 - 46.94),36.11,(31.72 - 40.75),46.56,(42.42 - 50.74),45.02,(41.36 - 48.75)
Region 15R (Fresno),41.52,(36.81 - 46.39),39.97,(33.99 - 46.27),48.29,(43.71 - 52.90),46.72,(42.62 - 50.86)
Region 16R (San Diego),38.23,(34.42 - 42.20),30.39,(26.37 - 34.74),44.54,(40.69 - 48.45),42.06,(38.75 - 45.44)
Region 17R,40.35,(36.12 - 44.73),39.32,(34.52 - 44.33),46.96,(42.90 - 51.07),45.53,(41.94 - 49.16)
Region 18R (San Bernardino),44.28,(40.29 - 48.34),40.01,(35.28 - 44.94),49.63,(45.41 - 53.85),47.85,(44.18 - 51.54)
Region 20R,38.04,(33.57 - 42.73),39.13,(33.45 - 45.13),44.89,(40.30 - 49.57),43.87,(39.81 - 48.02)
Region 21R,38.54,(33.77 - 43.54),35.29,(30.13 - 40.82),44.45,(40.00 - 48.99),42.76,(38.89 - 46.72)
Colorado,36.05,(33.18 - 39.03),26.57,(23.69 - 29.66),40.52,(37.43 - 43.69),38.51,(35.76 - 41.33)
Region 1,34.27,(29.75 - 39.09),24.50,(20.03 - 29.61),39.52,(34.80 - 44.43),36.80,(32.71 - 41.09)
Regions 2 and 7,36.58,(32.96 - 40.36),27.23,(23.52 - 31.28),40.73,(37.06 - 44.50),38.90,(35.61 - 42.30)
Region 3,36.56,(31.95 - 41.43),25.93,(21.02 - 31.54),39.53,(34.74 - 44.53),37.50,(33.18 - 42.03)
Region 4,36.61,(31.38 - 42.17),*,(* - *),44.28,(38.81 - 49.88),42.21,(37.29 - 47.30)
Regions 5 and 6,34.27,(29.47 - 39.42),25.38,(20.23 - 31.33),39.98,(34.99 - 45.19),37.94,(33.43 - 42.66)
Connecticut,35.72,(32.90 - 38.64),30.51,(27.45 - 33.74),40.92,(37.94 - 43.97),39.51,(36.86 - 42.23)
Eastern,33.30,(28.70 - 38.24),27.92,(22.57 - 33.99),38.08,(33.32 - 43.09),36.33,(32.14 - 40.74)
North Central,36.02,(31.69 - 40.60),30.87,(26.22 - 35.93),41.88,(37.54 - 46.35),40.43,(36.52 - 44.47)
Northwestern,34.33,(30.01 - 38.93),30.71,(25.61 - 36.32),39.31,(34.72 - 44.10),38.23,(34.08 - 42.56)
South Central,37.90,(33.43 - 42.58),29.10,(24.47 - 34.20),40.84,(36.40 - 45.42),39.21,(35.27 - 43.30)
Southwest,35.48,(31.09 - 40.13),34.24,(28.92 - 39.99),42.84,(37.88 - 47.96),41.81,(37.27 - 46.48)
Delaware,41.05,(38.00 - 44.17),32.86,(29.62 - 36.27),42.17,(38.96 - 45.44),40.83,(38.02 - 43.71)
Kent,43.33,(38.50 - 48.29),34.80,(29.59 - 40.40),42.53,(37.69 - 47.52),41.32,(37.07 - 45.71)
New Castle (excluding Wilmington City),39.33,(35.55 - 43.25),29.80,(25.90 - 34.03),41.57,(37.67 - 45.58),39.78,(36.38 - 43.27)
Sussex,39.97,(35.15 - 44.99),35.54,(30.12 - 41.36),40.53,(35.86 - 45.39),39.97,(35.67 - 44.43)
Wilmington City,48.55,(42.70 - 54.43),*,(* - *),49.07,(43.42 - 54.75),48.18,(43.06 - 53.35)
District of Columbia,44.62,(41.47 - 47.82),31.74,(28.57 - 35.09),44.80,(41.62 - 48.03),42.46,(39.73 - 45.24)
Ward 1,42.50,(36.95 - 48.24),34.16,(28.08 - 40.81),42.69,(37.77 - 47.75),41.08,(36.72 - 45.59)
Ward 2,*,(* - *),21.13,(17.14 - 25.76),37.92,(33.36 - 42.70),33.49,(29.74 - 37.45)
Ward 3,32.86,(27.98 - 38.15),18.69,(14.83 - 23.27),35.93,(31.21 - 40.95),32.99,(28.90 - 37.36)
Ward 4,42.84,(37.61 - 48.23),34.80,(28.72 - 41.41),46.51,(41.37 - 51.72),44.99,(40.30 - 49.77)
Ward 5,46.77,(41.38 - 52.24),35.46,(29.54 - 41.85),50.67,(45.32 - 56.00),47.97,(43.26 - 52.71)
Ward 6,*,(* - *),*,(* - *),45.72,(40.62 - 50.92),44.47,(39.77 - 49.27)
Ward 7,47.51,(42.68 - 52.40),44.32,(37.82 - 51.03),51.26,(45.86 - 56.63),50.20,(45.34 - 55.06)
Ward 8,47.18,(42.47 - 51.95),44.86,(38.50 - 51.40),51.74,(46.48 - 56.97),50.32,(45.73 - 54.92)
Florida,40.14,(38.49 - 41.81),38.01,(36.38 - 39.66),45.60,(43.89 - 47.32),44.63,(43.11 - 46.15)
Region A - Northwest,39.38,(36.31 - 42.53),35.05,(31.71 - 38.55),43.81,(40.48 - 47.21),42.35,(39.43 - 45.32)
Circuit 1,38.88,(34.49 - 43.45),32.61,(27.68 - 37.95),43.47,(38.79 - 48.27),41.86,(37.70 - 46.15)
Circuit 2,41.02,(36.19 - 46.02),36.99,(31.97 - 42.31),45.28,(40.24 - 50.42),43.39,(39.09 - 47.80)
Circuit 14,38.57,(33.96 - 43.39),37.08,(31.61 - 42.90),42.90,(38.21 - 47.72),42.11,(37.81 - 46.53)
Region B - Northeast,39.20,(36.46 - 42.00),33.38,(30.46 - 36.44),42.43,(39.68 - 45.24),41.05,(38.61 - 43.54)
Circuits 3 and 8,38.37,(33.91 - 43.04),30.40,(25.82 - 35.40),42.52,(38.11 - 47.05),39.95,(36.20 - 43.84)
Circuit 4,40.68,(36.64 - 44.86),34.91,(30.41 - 39.70),43.40,(39.25 - 47.65),42.19,(38.45 - 46.02)
Circuit 7,37.46,(33.27 - 41.86),34.43,(29.49 - 39.73),41.21,(36.93 - 45.63),40.34,(36.45 - 44.36)
Region C - Central,38.06,(35.79 - 40.39),35.12,(32.60 - 37.74),43.79,(41.42 - 46.18),42.69,(40.58 - 44.83)
Circuit 5,35.97,(31.86 - 40.31),35.76,(30.91 - 40.92),41.61,(37.28 - 46.08),40.98,(37.01 - 45.07)
Circuit 9,40.41,(36.42 - 44.52),35.21,(30.87 - 39.81),47.40,(43.27 - 51.56),45.62,(41.94 - 49.35)
Circuit 10,37.52,(33.12 - 42.13),39.58,(34.11 - 45.33),44.08,(39.55 - 48.72),43.49,(39.35 - 47.72)
Circuit 18,37.15,(33.04 - 41.45),31.23,(26.70 - 36.14),42.28,(38.16 - 46.50),40.90,(37.20 - 44.70)
Circuit 19,37.76,(33.59 - 42.12),34.81,(29.59 - 40.41),42.24,(37.86 - 46.74),41.39,(37.35 - 45.54)
Region D - Southeast,42.90,(40.08 - 45.77),42.35,(39.07 - 45.70),46.93,(44.14 - 49.74),46.41,(43.89 - 48.94)
Circuit 15 (Palm Beach),40.31,(36.41 - 44.33),40.70,(35.86 - 45.73),44.93,(40.93 - 48.99),44.46,(40.83 - 48.16)
Circuit 17 (Broward),44.60,(40.80 - 48.47),43.51,(39.28 - 47.83),48.44,(44.85 - 52.06),47.86,(44.60 - 51.14)
Region E - Sun Coast,39.49,(37.04 - 42.00),36.40,(33.73 - 39.14),43.57,(41.09 - 46.09),42.77,(40.50 - 45.07)
Circuit 6,38.21,(34.37 - 42.20),33.88,(29.57 - 38.47),43.40,(39.51 - 47.37),42.41,(38.84 - 46.05)
Circuit 12,37.93,(33.53 - 42.54),38.25,(32.59 - 44.26),43.09,(38.25 - 48.07),42.61,(38.13 - 47.23)
Circuit 13 (Hillsborough),42.30,(38.11 - 46.61),37.22,(32.80 - 41.87),46.30,(42.34 - 50.32),45.03,(41.48 - 48.63)
Circuit 20,38.48,(34.27 - 42.87),37.24,(32.15 - 42.63),41.54,(37.30 - 45.90),41.09,(37.15 - 45.15)
Region F - Southern (Circuits 11 and 16),42.84,(39.12 - 46.66),48.23,(44.23 - 52.25),54.93,(51.07 - 58.73),54.05,(50.59 - 57.47)
Georgia,45.66,(42.54 - 48.82),35.48,(32.23 - 38.87),48.14,(44.85 - 51.44),46.28,(43.35 - 49.24)
Region 1,44.71,(40.03 - 49.49),32.57,(27.38 - 38.23),46.64,(41.96 - 51.39),44.79,(40.53 - 49.13)
Region 2,44.22,(39.29 - 49.27),33.39,(27.71 - 39.60),48.36,(43.32 - 53.44),45.79,(41.28 - 50.38)
Region 3,47.27,(42.67 - 51.92),38.60,(33.73 - 43.71),50.39,(45.61 - 55.16),48.81,(44.53 - 53.10)
Region 4,46.56,(41.14 - 52.06),*,(* - *),49.29,(43.69 - 54.90),47.95,(42.91 - 53.03)
Region 5,45.95,(40.87 - 51.12),34.23,(28.87 - 40.02),46.10,(41.01 - 51.27),44.08,(39.56 - 48.70)
Region 6,44.52,(39.29 - 49.87),34.73,(28.98 - 40.96),46.62,(41.26 - 52.06),44.81,(40.00 - 49.72)
Hawaii,41.48,(38.21 - 44.82),33.22,(29.91 - 36.70),43.15,(39.76 - 46.61),41.81,(38.79 - 44.89)
Hawaii Island,38.97,(33.95 - 44.24),32.08,(26.32 - 38.45),43.04,(37.94 - 48.29),41.50,(36.88 - 46.28)
Honolulu,42.03,(38.27 - 45.87),33.48,(29.71 - 37.48),43.28,(39.44 - 47.20),41.93,(38.53 - 45.41)
Kauai and Maui,41.44,(36.68 - 46.35),32.98,(27.99 - 38.38),42.68,(38.11 - 47.38),41.53,(37.34 - 45.85)
Kauai,*,(* - *),*,(* - *),*,(* - *),41.72,(36.60 - 47.01)
Maui,42.30,(36.84 - 47.95),32.99,(27.31 - 39.21),42.59,(37.31 - 48.04),41.45,(36.62 - 46.45)
Idaho,37.70,(34.89 - 40.60),31.52,(28.68 - 34.50),44.06,(41.00 - 47.16),42.13,(39.45 - 44.85)
Region 1,34.38,(29.87 - 39.18),25.77,(20.90 - 31.32),41.85,(36.95 - 46.91),39.82,(35.40 - 44.41)
Region 2,37.24,(32.25 - 42.51),27.84,(22.34 - 34.09),43.74,(38.34 - 49.29),40.68,(35.96 - 45.58)
Region 3,38.31,(33.69 - 43.16),35.22,(29.61 - 41.27),44.85,(40.30 - 49.48),43.44,(39.37 - 47.61)
Region 4,36.52,(32.18 - 41.09),28.03,(23.92 - 32.56),42.09,(37.82 - 46.49),40.12,(36.33 - 44.04)
Region 5,38.16,(33.31 - 43.27),34.57,(28.66 - 41.00),46.32,(41.25 - 51.46),44.68,(40.06 - 49.40)
Region 6,37.88,(32.91 - 43.12),28.71,(23.39 - 34.69),45.36,(40.06 - 50.77),42.51,(37.85 - 47.31)
Region 7,42.12,(36.91 - 47.51),40.02,(34.20 - 46.14),47.50,(42.05 - 53.01),45.97,(41.32 - 50.69)
Illinois,39.35,(37.64 - 41.10),31.33,(29.72 - 32.98),42.05,(40.24 - 43.89),40.42,(38.85 - 42.02)
Region I (Cook),43.18,(40.54 - 45.87),36.46,(33.89 - 39.11),45.52,(42.75 - 48.30),44.23,(41.81 - 46.67)
Region II,36.43,(33.87 - 39.06),29.06,(26.48 - 31.78),40.66,(38.04 - 43.33),38.92,(36.63 - 41.26)
Region III,36.63,(33.07 - 40.35),24.23,(21.16 - 27.60),38.36,(34.95 - 41.90),35.72,(32.85 - 38.70)
Region IV,34.69,(30.95 - 38.64),28.26,(24.12 - 32.81),37.42,(33.56 - 41.46),36.02,(32.61 - 39.57)
Region V,39.43,(35.73 - 43.25),31.10,(27.33 - 35.13),39.53,(35.81 - 43.39),38.20,(34.95 - 41.55)
Indiana,37.76,(34.99 - 40.62),28.47,(25.88 - 31.21),40.57,(37.61 - 43.59),38.79,(36.17 - 41.48)
Central,39.74,(35.40 - 44.23),30.69,(26.35 - 35.40),41.60,(37.10 - 46.24),40.17,(36.12 - 44.36)
East,35.90,(31.01 - 41.09),26.28,(21.32 - 31.93),39.03,(33.89 - 44.43),37.08,(32.51 - 41.90)
North Central,38.91,(34.34 - 43.69),29.43,(24.59 - 34.78),41.25,(36.70 - 45.95),39.59,(35.48 - 43.84)
Northeast,37.40,(32.46 - 42.61),29.44,(24.26 - 35.20),39.58,(34.66 - 44.72),38.15,(33.69 - 42.83)
Northwest,39.51,(34.85 - 44.37),32.33,(26.96 - 38.21),43.37,(38.57 - 48.30),41.80,(37.50 - 46.24)
Southeast,34.95,(30.36 - 39.85),26.70,(21.82 - 32.23),38.52,(33.80 - 43.48),37.05,(32.76 - 41.56)
Southwest,35.55,(30.77 - 40.65),27.76,(22.54 - 33.67),39.24,(34.32 - 44.39),37.59,(33.16 - 42.23)
West,34.99,(30.25 - 40.04),23.95,(19.67 - 28.84),39.28,(34.61 - 44.15),35.96,(32.02 - 40.09)
Iowa,38.38,(35.60 - 41.25),23.23,(20.67 - 26.00),38.63,(35.80 - 41.54),36.29,(33.80 - 38.86)
Central,40.53,(35.77 - 45.48),23.00,(18.82 - 27.79),40.19,(35.75 - 44.78),37.90,(33.91 - 42.07)
North Central,38.01,(33.28 - 42.99),23.98,(19.59 - 28.99),38.46,(33.88 - 43.25),35.75,(31.77 - 39.95)
Northeast,37.94,(33.62 - 42.46),22.04,(18.17 - 26.46),38.10,(33.69 - 42.70),35.61,(31.76 - 39.66)
Northwest,37.56,(33.01 - 42.33),25.10,(20.67 - 30.11),38.98,(34.28 - 43.88),37.01,(32.85 - 41.38)
Southeast,38.16,(33.75 - 42.78),22.71,(18.48 - 27.58),37.96,(33.70 - 42.41),35.51,(31.73 - 39.48)
Southwest,37.87,(33.02 - 42.98),23.92,(19.03 - 29.61),38.23,(33.45 - 43.25),36.25,(31.94 - 40.79)
Kansas,36.71,(33.79 - 39.73),24.51,(21.62 - 27.64),41.99,(39.03 - 45.02),39.21,(36.63 - 41.86)
Kansas City Metro,36.43,(32.34 - 40.72),23.54,(19.57 - 28.04),40.07,(36.07 - 44.20),37.43,(33.96 - 41.04)
Northeast,36.33,(31.57 - 41.36),21.45,(17.27 - 26.33),41.15,(36.51 - 45.94),37.67,(33.66 - 41.84)
South Central,35.22,(30.30 - 40.47),25.31,(20.32 - 31.04),42.62,(37.49 - 47.91),39.91,(35.41 - 44.58)
Southeast,35.04,(30.14 - 40.27),24.25,(19.07 - 30.31),40.85,(35.52 - 46.40),38.21,(33.46 - 43.20)
West,36.89,(31.75 - 42.35),26.54,(21.30 - 32.53),44.52,(39.21 - 49.96),41.81,(37.08 - 46.70)
Wichita (Sedgwick),39.21,(34.17 - 44.48),28.98,(23.90 - 34.65),45.03,(40.34 - 49.80),42.72,(38.50 - 47.04)
Kentucky,41.98,(39.00 - 45.01),31.29,(28.43 - 34.31),44.23,(41.15 - 47.35),42.47,(39.72 - 45.27)
"Adanta, Cumberland River, and Lifeskills",41.66,(36.58 - 46.92),30.10,(24.81 - 35.98),43.62,(38.46 - 48.93),41.79,(37.13 - 46.61)
"Bluegrass, Comprehend, and North Key",39.92,(35.63 - 44.38),28.56,(24.36 - 33.16),42.32,(38.18 - 46.57),40.31,(36.62 - 44.12)
Communicare and River Valley,42.66,(37.57 - 47.91),31.73,(26.23 - 37.78),44.64,(39.55 - 49.85),42.92,(38.32 - 47.64)
Four Rivers and Pennyroyal,44.27,(38.96 - 49.72),31.98,(26.49 - 38.03),45.56,(40.39 - 50.83),43.64,(38.96 - 48.42)
"Kentucky River, Mountain, and Pathways",41.15,(36.27 - 46.20),32.85,(27.77 - 38.38),44.32,(39.34 - 49.42),42.80,(38.30 - 47.41)
Seven Counties,43.93,(39.28 - 48.70),35.08,(30.03 - 40.49),46.34,(41.66 - 51.08),44.94,(40.69 - 49.25)
Louisiana,43.96,(40.88 - 47.09),40.22,(37.26 - 43.26),46.13,(43.06 - 49.23),45.17,(42.48 - 47.89)
Regions 1 and 3,45.10,(39.74 - 50.57),41.57,(35.82 - 47.55),45.02,(39.82 - 50.34),44.49,(39.84 - 49.24)
Regions 2 and 9,44.23,(39.59 - 48.97),40.98,(36.34 - 45.78),46.73,(42.14 - 51.37),45.71,(41.72 - 49.76)
"Regions 4, 5, and 6",41.81,(37.40 - 46.37),38.34,(33.62 - 43.29),44.87,(40.43 - 49.39),43.83,(39.94 - 47.81)
Regions 7 and 8,45.54,(40.89 - 50.27),41.10,(36.06 - 46.33),47.75,(43.13 - 52.40),46.61,(42.55 - 50.71)
Region 10 (Jefferson),43.89,(38.33 - 49.61),38.67,(32.53 - 45.19),46.48,(41.11 - 51.93),45.44,(40.53 - 50.45)
Maine,35.51,(32.83 - 38.29),24.06,(21.44 - 26.90),40.68,(37.71 - 43.71),38.62,(35.96 - 41.36)
Aroostook/Downeast,35.94,(31.29 - 40.88),26.42,(21.43 - 32.10),41.20,(36.33 - 46.26),39.45,(34.99 - 44.09)
Central,35.12,(30.43 - 40.11),25.55,(20.81 - 30.94),40.39,(35.56 - 45.41),38.56,(34.15 - 43.18)
Cumberland,36.05,(31.85 - 40.47),24.74,(20.49 - 29.54),40.99,(36.56 - 45.57),39.01,(35.03 - 43.13)
Midcoast,36.76,(32.08 - 41.69),24.05,(19.34 - 29.48),40.80,(35.92 - 45.87),39.00,(34.55 - 43.65)
Penquis,35.12,(30.45 - 40.10),20.69,(16.75 - 25.29),39.72,(34.71 - 44.95),36.85,(32.48 - 41.44)
Western,34.45,(30.04 - 39.16),24.81,(19.87 - 30.51),41.05,(36.24 - 46.04),38.95,(34.58 - 43.52)
York,35.20,(30.68 - 39.99),22.60,(18.33 - 27.52),40.37,(35.52 - 45.41),38.34,(33.95 - 42.94)
Maryland,41.78,(38.83 - 44.79),37.17,(34.09 - 40.35),44.38,(41.33 - 47.47),43.36,(40.64 - 46.11)
Anne Arundel,38.42,(33.59 - 43.49),32.20,(26.64 - 38.31),41.12,(36.17 - 46.26),39.92,(35.41 - 44.61)
Baltimore City,48.15,(42.74 - 53.60),47.59,(41.29 - 53.96),49.47,(44.31 - 54.65),49.15,(44.56 - 53.76)
Baltimore County,39.87,(34.87 - 45.09),33.51,(28.62 - 38.77),42.38,(37.32 - 47.60),41.15,(36.66 - 45.80)
Montgomery,41.64,(36.68 - 46.77),35.72,(30.10 - 41.77),45.88,(41.04 - 50.80),44.68,(40.25 - 49.19)
North Central,39.15,(34.11 - 44.42),29.46,(23.87 - 35.75),41.72,(36.52 - 47.12),40.14,(35.40 - 45.07)
Northeast,37.57,(32.58 - 42.84),31.12,(25.20 - 37.72),40.39,(35.37 - 45.63),39.15,(34.54 - 43.97)
Prince George's,49.13,(43.91 - 54.37),46.54,(40.52 - 52.66),50.15,(45.15 - 55.14),49.55,(45.07 - 54.03)
South,39.23,(34.19 - 44.51),35.47,(29.65 - 41.74),42.97,(38.16 - 47.91),41.83,(37.50 - 46.30)
West,35.67,(30.59 - 41.08),28.94,(23.27 - 35.35),40.17,(35.07 - 45.49),38.61,(34.00 - 43.43)
Massachusetts,33.27,(30.34 - 36.34),25.04,(22.36 - 27.92),36.12,(33.10 - 39.25),34.49,(31.83 - 37.25)
Boston,39.29,(33.81 - 45.05),30.01,(24.93 - 35.62),38.48,(33.46 - 43.76),36.85,(32.44 - 41.50)
Central,31.86,(27.21 - 36.91),22.89,(18.29 - 28.24),35.12,(30.39 - 40.17),33.35,(29.13 - 37.86)
Metrowest,32.98,(28.76 - 37.49),23.45,(19.48 - 27.95),36.73,(32.42 - 41.27),34.94,(31.11 - 38.97)
Northeast,33.41,(28.85 - 38.31),26.82,(22.24 - 31.96),36.41,(32.02 - 41.03),35.14,(31.18 - 39.32)
Southeast,31.65,(27.35 - 36.29),22.19,(17.89 - 27.18),34.34,(29.86 - 39.12),32.76,(28.70 - 37.09)
Western,33.09,(28.59 - 37.91),25.12,(20.55 - 30.33),36.24,(31.42 - 41.36),34.29,(30.09 - 38.76)
Michigan,36.83,(35.29 - 38.40),29.51,(28.00 - 31.07),40.19,(38.55 - 41.84),38.63,(37.21 - 40.08)
Detroit City,46.55,(42.44 - 50.72),45.23,(40.75 - 49.78),51.48,(47.50 - 55.45),50.54,(47.04 - 54.03)
Genesee,37.19,(33.06 - 41.51),33.79,(29.20 - 38.71),41.11,(37.04 - 45.31),40.10,(36.42 - 43.89)
Kalamazoo,35.19,(31.35 - 39.24),27.27,(23.36 - 31.56),39.94,(35.94 - 44.09),37.92,(34.41 - 41.56)
Kent,33.41,(29.40 - 37.68),29.33,(25.32 - 33.68),40.29,(36.25 - 44.45),38.63,(35.07 - 42.31)
Lakeshore,34.92,(31.18 - 38.85),30.10,(25.91 - 34.65),39.14,(35.13 - 43.29),37.73,(34.23 - 41.37)
Macomb,37.90,(34.17 - 41.78),29.71,(25.76 - 34.00),39.08,(35.46 - 42.83),37.92,(34.63 - 41.32)
Mid South,34.70,(31.10 - 38.50),23.29,(20.24 - 26.65),38.28,(34.72 - 41.97),35.62,(32.57 - 38.80)
Northern,32.03,(28.40 - 35.88),25.79,(22.01 - 29.97),37.69,(34.04 - 41.49),35.88,(32.63 - 39.27)
Oakland,39.86,(36.25 - 43.58),30.24,(26.63 - 34.11),38.90,(35.30 - 42.63),37.88,(34.65 - 41.22)
Pathways and Western,32.60,(28.29 - 37.23),25.35,(21.10 - 30.13),35.72,(31.42 - 40.26),34.05,(30.25 - 38.08)
Riverhaven,31.88,(27.55 - 36.55),27.73,(22.97 - 33.06),37.62,(33.25 - 42.20),36.31,(32.36 - 40.45)
Saginaw,38.04,(33.58 - 42.70),30.72,(25.88 - 36.03),40.50,(36.20 - 44.96),39.07,(35.21 - 43.08)
Southeast,36.23,(33.01 - 39.57),30.31,(26.93 - 33.93),41.02,(37.55 - 44.59),39.68,(36.56 - 42.88)
St. Clair,34.30,(30.15 - 38.71),28.02,(22.88 - 33.81),39.12,(34.68 - 43.76),37.64,(33.60 - 41.87)
Washtenaw,35.53,(31.48 - 39.80),26.28,(22.08 - 30.95),39.37,(35.28 - 43.62),36.87,(33.38 - 40.51)
Minnesota,36.34,(33.47 - 39.30),25.90,(23.28 - 28.71),36.90,(33.93 - 39.97),35.26,(32.64 - 37.97)
Regions 1 and 2,34.89,(30.03 - 40.08),25.24,(20.32 - 30.87),35.33,(30.45 - 40.53),33.72,(29.40 - 38.33)
Regions 3 and 4,34.40,(30.01 - 39.08),24.87,(20.51 - 29.82),34.66,(30.34 - 39.25),33.00,(29.20 - 37.04)
Regions 5 and 6,35.01,(30.52 - 39.79),25.04,(20.76 - 29.86),36.50,(31.86 - 41.40),34.66,(30.58 - 38.98)
Region 7A (Hennepin),39.48,(34.67 - 44.50),27.34,(22.79 - 32.42),39.09,(34.48 - 43.90),37.58,(33.41 - 41.94)
Region 7B (Ramsey),39.88,(34.67 - 45.33),28.93,(23.78 - 34.68),39.57,(34.32 - 45.08),38.00,(33.27 - 42.97)
Region 7C,35.36,(31.00 - 39.98),25.37,(21.05 - 30.23),36.27,(32.11 - 40.65),34.75,(31.03 - 38.66)
Mississippi,46.46,(43.42 - 49.54),40.90,(37.69 - 44.19),49.40,(46.22 - 52.59),48.07,(45.28 - 50.88)
Region 1,47.11,(42.14 - 52.15),40.34,(34.85 - 46.07),50.29,(45.40 - 55.18),48.79,(44.43 - 53.17)
Region 2,47.93,(42.79 - 53.10),47.18,(40.87 - 53.58),52.67,(47.40 - 57.89),51.76,(47.07 - 56.42)
Region 3,46.74,(41.81 - 51.73),40.71,(35.43 - 46.22),50.45,(45.33 - 55.55),48.81,(44.34 - 53.30)
Region 4,47.28,(42.54 - 52.07),41.84,(36.18 - 47.73),49.23,(44.42 - 54.05),48.07,(43.74 - 52.43)
Region 5,48.17,(42.56 - 53.82),42.35,(35.92 - 49.05),49.92,(44.55 - 55.29),48.76,(43.91 - 53.63)
Region 6,45.77,(40.60 - 51.02),38.45,(32.64 - 44.62),48.47,(43.43 - 53.54),46.70,(42.25 - 51.21)
Region 7,42.62,(37.92 - 47.45),35.08,(29.73 - 40.83),44.98,(40.09 - 49.98),43.69,(39.28 - 48.21)
Missouri,36.48,(33.52 - 39.55),26.85,(24.24 - 29.64),41.47,(38.55 - 44.46),39.37,(36.81 - 41.99)
Central,36.54,(31.78 - 41.58),28.13,(23.34 - 33.49),41.15,(36.57 - 45.89),38.86,(34.87 - 43.01)
Eastern,36.90,(33.07 - 40.91),27.71,(24.02 - 31.73),41.57,(37.77 - 45.48),39.67,(36.31 - 43.13)
Eastern (St. Louis City and County),37.97,(33.50 - 42.66),28.84,(24.22 - 33.94),42.80,(38.26 - 47.47),40.92,(36.88 - 45.09)
Eastern (excluding St. Louis),35.10,(30.03 - 40.53),25.73,(20.90 - 31.24),39.27,(34.49 - 44.27),37.34,(33.10 - 41.79)
Northwest,38.00,(34.06 - 42.11),26.25,(22.58 - 30.28),42.72,(38.77 - 46.76),40.47,(36.97 - 44.06)
Northwest (Jackson),41.36,(36.26 - 46.65),30.04,(24.94 - 35.68),45.39,(40.47 - 50.39),43.45,(38.99 - 48.01)
Northwest (excluding Jackson),35.17,(30.33 - 40.33),23.37,(18.96 - 28.43),40.33,(35.45 - 45.41),37.86,(33.56 - 42.37)
Southeast,33.86,(29.22 - 38.83),26.40,(21.96 - 31.38),41.00,(36.09 - 46.09),38.97,(34.57 - 43.57)
Southwest,34.94,(30.31 - 39.88),24.87,(20.38 - 29.98),39.90,(35.25 - 44.74),37.69,(33.60 - 41.98)
Montana,33.51,(30.72 - 36.41),28.16,(25.30 - 31.21),41.14,(38.19 - 44.16),39.26,(36.65 - 41.93)
Region 1,33.52,(28.73 - 38.67),28.96,(23.28 - 35.39),41.50,(36.01 - 47.22),39.92,(34.92 - 45.14)
Region 2,36.34,(31.63 - 41.32),33.43,(27.81 - 39.56),43.13,(38.23 - 48.16),41.79,(37.36 - 46.37)
Region 3,33.52,(29.25 - 38.08),31.92,(26.71 - 37.62),42.32,(37.97 - 46.79),40.95,(37.01 - 45.01)
Region 4,33.33,(29.29 - 37.63),24.30,(20.44 - 28.64),39.99,(35.74 - 44.39),37.43,(33.75 - 41.27)
Region 5,32.16,(28.14 - 36.46),27.09,(22.93 - 31.70),40.29,(36.04 - 44.69),38.34,(34.63 - 42.19)
Nebraska,36.02,(33.10 - 39.04),25.21,(22.29 - 28.36),38.74,(35.63 - 41.93),36.59,(33.88 - 39.38)
Regions 1 and 2,34.51,(30.46 - 38.80),25.41,(20.98 - 30.42),38.72,(34.42 - 43.21),36.86,(32.99 - 40.90)
Region 1,35.08,(29.97 - 40.57),*,(* - *),38.84,(33.62 - 44.34),36.95,(32.28 - 41.89)
Region 2,34.03,(29.22 - 39.19),24.78,(19.50 - 30.96),38.62,(33.38 - 44.13),36.77,(32.05 - 41.76)
Region 3,34.81,(30.13 - 39.80),23.46,(18.73 - 28.96),37.70,(32.55 - 43.14),35.47,(30.94 - 40.27)
Region 4,35.12,(30.39 - 40.16),24.92,(20.08 - 30.49),37.82,(32.77 - 43.14),35.90,(31.41 - 40.66)
Region 5,35.01,(30.68 - 39.62),23.78,(19.96 - 28.08),37.57,(33.02 - 42.34),35.06,(31.14 - 39.19)
Region 6,37.57,(33.48 - 41.84),26.84,(22.60 - 31.56),40.04,(36.11 - 44.10),38.01,(34.53 - 41.63)
Nevada,39.48,(36.24 - 42.81),36.88,(33.45 - 40.44),46.01,(42.49 - 49.58),44.82,(41.68 - 48.01)
Clark,40.18,(36.48 - 44.00),38.80,(34.73 - 43.04),46.54,(42.55 - 50.58),45.55,(41.99 - 49.16)
Rural,37.67,(32.75 - 42.85),32.59,(26.89 - 38.86),44.00,(38.83 - 49.30),42.49,(37.76 - 47.37)
Washoe,37.77,(32.99 - 42.80),32.35,(27.10 - 38.09),45.32,(40.41 - 50.33),43.52,(39.10 - 48.04)
New Hampshire,31.81,(29.04 - 34.71),20.98,(18.45 - 23.76),35.20,(32.45 - 38.06),33.31,(30.84 - 35.87)
Central,31.66,(28.11 - 35.44),19.63,(16.48 - 23.21),34.97,(31.29 - 38.83),32.75,(29.47 - 36.20)
Central 1,30.86,(26.53 - 35.56),19.13,(15.10 - 23.94),34.75,(30.18 - 39.62),32.27,(28.24 - 36.58)
Central 2,32.38,(27.93 - 37.18),20.20,(16.41 - 24.61),35.17,(30.68 - 39.93),33.20,(29.16 - 37.50)
Northern,29.74,(25.40 - 34.48),20.42,(16.14 - 25.48),34.59,(30.05 - 39.43),32.52,(28.48 - 36.84)
Southern,32.25,(29.05 - 35.62),21.90,(18.82 - 25.33),35.45,(32.31 - 38.72),33.76,(30.93 - 36.72)
Southern 1 (Rockingham),31.14,(27.02 - 35.58),20.09,(16.05 - 24.84),34.70,(30.72 - 38.92),33.05,(29.41 - 36.91)
Southern 2,32.96,(29.09 - 37.08),22.86,(19.19 - 27.01),35.92,(31.99 - 40.05),34.20,(30.69 - 37.90)
New Jersey,38.96,(36.17 - 41.82),33.50,(30.46 - 36.68),45.47,(42.34 - 48.64),43.90,(41.10 - 46.74)
Central,37.70,(33.16 - 42.47),29.35,(24.78 - 34.38),44.67,(39.82 - 49.62),42.71,(38.37 - 47.17)
Metropolitan,41.90,(37.21 - 46.75),37.37,(32.63 - 42.36),48.04,(43.32 - 52.79),46.57,(42.34 - 50.84)
Northern,40.25,(36.08 - 44.56),35.24,(30.60 - 40.18),46.59,(42.18 - 51.04),45.19,(41.21 - 49.22)
Southern,35.30,(31.10 - 39.74),31.08,(26.15 - 36.49),41.80,(37.11 - 46.65),40.31,(36.11 - 44.65)
New Mexico,40.61,(37.61 - 43.69),37.21,(34.07 - 40.46),50.33,(47.13 - 53.52),48.27,(45.47 - 51.07)
Region 1,41.39,(36.72 - 46.23),35.62,(30.71 - 40.87),47.88,(43.05 - 52.74),45.90,(41.65 - 50.22)
Region 2,40.56,(35.39 - 45.94),40.93,(34.78 - 47.38),52.61,(47.36 - 57.80),51.07,(46.29 - 55.83)
Region 3 (Bernalillo),42.35,(37.97 - 46.85),37.33,(32.70 - 42.20),52.07,(47.53 - 56.57),49.85,(45.88 - 53.83)
Region 4,37.72,(32.97 - 42.73),37.19,(31.16 - 43.64),47.68,(42.74 - 52.68),45.88,(41.46 - 50.36)
Region 5,39.26,(34.65 - 44.07),36.37,(31.21 - 41.85),49.75,(44.69 - 54.82),47.42,(43.00 - 51.89)
New York,40.77,(39.09 - 42.48),32.20,(30.46 - 33.99),44.12,(42.30 - 45.97),42.33,(40.75 - 43.94)
Region A,44.92,(42.49 - 47.37),39.42,(36.84 - 42.06),48.31,(45.84 - 50.78),47.03,(44.84 - 49.23)
Region 1,45.01,(40.63 - 49.46),43.62,(38.11 - 49.31),53.37,(48.65 - 58.03),51.73,(47.52 - 55.92)
Region 2,45.23,(41.57 - 48.93),39.18,(35.28 - 43.23),48.21,(44.40 - 52.05),46.82,(43.48 - 50.20)
Region 3,42.03,(37.49 - 46.71),33.53,(29.20 - 38.16),43.09,(38.88 - 47.40),41.92,(38.11 - 45.84)
Region 4,45.73,(41.50 - 50.03),40.89,(36.23 - 45.73),49.72,(45.57 - 53.88),48.55,(44.80 - 52.32)
Region B,39.71,(37.27 - 42.20),29.90,(27.22 - 32.73),42.62,(39.93 - 45.35),40.84,(38.47 - 43.25)
Region 5,39.38,(35.99 - 42.87),29.12,(25.45 - 33.08),42.07,(38.33 - 45.90),40.30,(37.00 - 43.68)
Region 6,40.80,(36.76 - 44.97),33.85,(28.98 - 39.09),45.07,(40.90 - 49.31),43.59,(39.83 - 47.42)
Region 7,39.05,(34.70 - 43.58),27.06,(22.64 - 32.00),40.53,(36.22 - 45.00),38.36,(34.56 - 42.31)
Region C,37.39,(35.13 - 39.70),25.56,(23.47 - 27.77),40.05,(37.75 - 42.40),37.65,(35.68 - 39.66)
Region 8,37.18,(33.13 - 41.41),25.81,(21.96 - 30.08),40.80,(36.84 - 44.87),38.43,(34.95 - 42.02)
Region 9,38.01,(34.07 - 42.11),23.95,(20.07 - 28.31),39.50,(35.29 - 43.88),36.92,(33.27 - 40.72)
Region 10,33.56,(29.32 - 38.09),22.72,(18.80 - 27.19),38.33,(33.98 - 42.87),35.00,(31.32 - 38.86)
Region 11,38.28,(34.34 - 42.39),26.20,(22.50 - 30.27),40.69,(36.81 - 44.69),38.26,(34.92 - 41.72)
Region 12,37.53,(33.69 - 41.53),27.72,(23.70 - 32.13),39.92,(36.05 - 43.92),38.06,(34.64 - 41.60)
Region D,34.74,(31.86 - 37.72),25.65,(22.71 - 28.83),38.74,(35.70 - 41.86),36.52,(33.86 - 39.27)
Region 13,34.99,(30.63 - 39.62),26.96,(22.38 - 32.10),39.36,(35.07 - 43.82),37.33,(33.55 - 41.26)
Region 14,33.94,(29.60 - 38.56),24.72,(20.22 - 29.84),37.07,(32.81 - 41.55),34.90,(31.10 - 38.90)
Region 15,35.25,(30.96 - 39.79),25.48,(20.99 - 30.55),39.80,(35.09 - 44.71),37.41,(33.27 - 41.74)
North Carolina,40.46,(37.69 - 43.29),33.62,(30.60 - 36.79),46.58,(43.30 - 49.90),44.79,(41.89 - 47.73)
CenterPoint/Guilford,41.53,(37.46 - 45.72),35.59,(30.66 - 40.84),47.77,(43.18 - 52.40),46.12,(41.98 - 50.32)
CenterPoint,40.52,(35.49 - 45.76),35.85,(29.68 - 42.52),47.92,(42.47 - 53.42),46.43,(41.47 - 51.46)
Guilford,42.69,(37.37 - 48.20),*,(* - *),*,(* - *),45.78,(40.57 - 51.07)
Durham,41.13,(36.72 - 45.70),35.50,(30.62 - 40.71),46.60,(41.90 - 51.37),44.98,(40.87 - 49.16)
East Carolina,*,(* - *),36.51,(30.24 - 43.27),47.63,(42.18 - 53.14),45.83,(40.95 - 50.79)
Eastpointe,43.30,(38.06 - 48.70),40.46,(34.10 - 47.15),49.13,(43.63 - 54.65),47.97,(42.98 - 53.00)
ECCS,39.02,(33.85 - 44.46),27.34,(22.15 - 33.22),*,(* - *),42.20,(37.44 - 47.10)
Mecklenburg,42.26,(37.10 - 47.60),34.59,(29.47 - 40.11),48.27,(43.01 - 53.58),46.52,(41.80 - 51.30)
Pathways,39.29,(34.45 - 44.36),31.39,(25.72 - 37.69),45.42,(40.13 - 50.81),43.77,(38.94 - 48.72)
PBH,38.87,(34.29 - 43.65),31.48,(26.05 - 37.46),45.58,(40.51 - 50.75),43.63,(39.09 - 48.27)
Sandhills,40.09,(34.95 - 45.45),*,(* - *),45.83,(40.48 - 51.28),44.26,(39.35 - 49.29)
Smoky Mountain,*,(* - *),29.55,(23.83 - 36.00),45.19,(39.88 - 50.61),43.09,(38.28 - 48.03)
Western Highlands,*,(* - *),30.75,(25.02 - 37.15),44.44,(38.81 - 50.22),42.91,(37.75 - 48.22)
North Dakota,33.98,(31.27 - 36.80),24.22,(21.59 - 27.06),37.88,(34.96 - 40.88),35.36,(32.89 - 37.91)
Badlands and West Central,34.03,(30.06 - 38.23),26.49,(22.21 - 31.27),37.71,(33.50 - 42.11),35.95,(32.26 - 39.82)
Lake Region and South Central,34.13,(29.61 - 38.96),26.10,(21.03 - 31.89),37.92,(33.15 - 42.94),36.18,(31.95 - 40.65)
North Central and Northwest,34.46,(30.05 - 39.16),25.83,(21.12 - 31.18),38.40,(33.87 - 43.14),36.42,(32.38 - 40.66)
Northeast,33.94,(29.31 - 38.90),24.88,(20.54 - 29.79),39.43,(34.80 - 44.26),35.57,(31.81 - 39.51)
Southeast,33.51,(29.39 - 37.89),20.54,(17.13 - 24.43),36.92,(32.74 - 41.31),33.53,(30.04 - 37.22)
Ohio,37.06,(35.55 - 38.59),28.46,(27.00 - 29.96),40.62,(38.93 - 42.33),38.89,(37.42 - 40.37)
"Boards 2, 46, 55, and 68",35.94,(31.95 - 40.13),29.45,(25.11 - 34.19),39.66,(35.59 - 43.87),38.24,(34.58 - 42.04)
"Boards 3, 52, and 85",35.28,(31.12 - 39.68),24.68,(20.40 - 29.51),38.66,(34.08 - 43.45),36.63,(32.55 - 40.91)
Boards 4 and 78,35.18,(31.03 - 39.57),26.93,(22.19 - 32.26),39.28,(35.03 - 43.70),37.76,(33.88 - 41.79)
Boards 5 and 60,34.72,(30.85 - 38.80),25.96,(21.86 - 30.53),39.78,(35.55 - 44.17),37.26,(33.58 - 41.10)
"Boards 7, 15, 41, 79, and 84",35.26,(31.25 - 39.49),25.35,(21.27 - 29.93),37.73,(33.52 - 42.13),36.18,(32.37 - 40.17)
"Boards 8, 13, and 83",34.33,(30.27 - 38.62),26.52,(21.97 - 31.62),37.40,(33.26 - 41.74),35.94,(32.19 - 39.86)
Board 9 (Butler),36.97,(32.34 - 41.85),25.17,(20.69 - 30.24),39.90,(35.50 - 44.46),37.37,(33.48 - 41.42)
Board 12,36.60,(32.47 - 40.94),27.92,(23.40 - 32.94),39.85,(35.42 - 44.46),37.86,(33.96 - 41.92)
Boards 18 and 47,38.68,(35.39 - 42.07),33.06,(29.48 - 36.85),43.88,(40.37 - 47.44),42.50,(39.38 - 45.68)
"Boards 20, 32, 54, and 69",35.42,(31.32 - 39.75),23.92,(19.56 - 28.91),38.87,(34.56 - 43.36),36.79,(32.92 - 40.83)
"Boards 21, 39, 51, 70, and 80",36.37,(32.24 - 40.72),25.35,(21.24 - 29.97),38.62,(34.56 - 42.84),36.85,(33.19 - 40.67)
"Boards 22, 74, and 87",35.75,(31.63 - 40.10),25.33,(20.94 - 30.29),38.19,(33.72 - 42.87),36.07,(32.14 - 40.19)
Boards 23 and 45,34.63,(30.49 - 39.02),25.10,(20.81 - 29.94),39.67,(35.39 - 44.11),37.53,(33.70 - 41.53)
Board 25 (Franklin),39.34,(35.72 - 43.07),30.01,(26.58 - 33.69),42.24,(38.52 - 46.05),40.34,(37.07 - 43.71)
"Boards 27, 71, and 73",34.68,(30.69 - 38.90),29.23,(24.69 - 34.23),40.37,(36.19 - 44.70),38.88,(35.10 - 42.80)
"Boards 28, 43, and 67",35.48,(31.43 - 39.76),25.58,(21.67 - 29.93),39.93,(35.77 - 44.23),37.80,(34.13 - 41.60)
Board 31 (Hamilton),39.59,(35.59 - 43.74),32.11,(27.63 - 36.96),41.46,(37.34 - 45.70),40.11,(36.43 - 43.89)
Board 48 (Lucas),39.27,(34.97 - 43.73),33.75,(28.97 - 38.89),42.41,(37.95 - 46.99),41.10,(37.13 - 45.19)
Boards 50 and 76,36.95,(33.02 - 41.07),26.03,(22.09 - 30.40),39.13,(35.01 - 43.41),37.29,(33.65 - 41.09)
Board 57 (Montgomery),37.35,(33.19 - 41.71),29.43,(24.84 - 34.48),42.52,(38.11 - 47.06),40.65,(36.71 - 44.71)
Board 77 (Summit),38.47,(34.47 - 42.65),28.91,(24.55 - 33.70),41.09,(36.98 - 45.33),39.50,(35.81 - 43.31)
Oklahoma,40.00,(36.69 - 43.41),34.05,(30.91 - 37.33),46.27,(43.06 - 49.50),44.37,(41.55 - 47.22)
Central,39.49,(34.31 - 44.92),30.37,(25.12 - 36.18),44.32,(39.28 - 49.47),41.78,(37.38 - 46.31)
East Central,40.71,(35.35 - 46.30),35.05,(29.14 - 41.46),47.19,(41.99 - 52.45),45.42,(40.73 - 50.19)
Northeast,38.98,(33.56 - 44.68),30.55,(24.87 - 36.88),45.07,(40.04 - 50.21),42.69,(38.21 - 47.29)
Northwest and Southwest,39.01,(34.00 - 44.27),32.46,(26.89 - 38.58),45.36,(40.21 - 50.61),43.27,(38.66 - 47.99)
Oklahoma County,42.63,(37.41 - 48.03),38.37,(32.92 - 44.14),48.25,(43.27 - 53.26),46.73,(42.26 - 51.25)
Southeast,39.15,(34.02 - 44.53),34.14,(28.59 - 40.17),45.99,(40.95 - 51.11),44.30,(39.73 - 48.97)
Tulsa County,39.15,(34.32 - 44.20),36.05,(30.75 - 41.71),46.66,(41.65 - 51.73),45.13,(40.64 - 49.69)
Oregon,35.32,(32.51 - 38.23),29.68,(27.01 - 32.49),40.47,(37.32 - 43.70),39.01,(36.23 - 41.86)
Region 1 (Multnomah),38.06,(33.31 - 43.06),29.63,(24.91 - 34.83),41.33,(36.49 - 46.34),39.89,(35.51 - 44.44)
Region 2,35.82,(31.56 - 40.32),31.51,(26.49 - 37.01),40.67,(36.17 - 45.34),39.53,(35.44 - 43.77)
Region 3,34.36,(30.37 - 38.57),28.73,(25.25 - 32.48),39.54,(35.26 - 43.98),37.85,(34.14 - 41.70)
Region 4,33.33,(28.80 - 38.19),28.44,(23.45 - 34.03),40.72,(35.72 - 45.90),39.21,(34.71 - 43.89)
Region 5 (Central),35.02,(30.13 - 40.25),*,(* - *),40.34,(35.04 - 45.89),38.76,(33.92 - 43.83)
Region 6 (Eastern),35.20,(30.47 - 40.24),*,(* - *),41.10,(35.89 - 46.52),39.97,(35.22 - 44.93)
Pennsylvania,36.09,(34.46 - 37.75),28.69,(27.08 - 30.35),38.77,(36.98 - 40.59),37.35,(35.80 - 38.94)
Region 1 (Allegheny),35.61,(32.20 - 39.17),25.35,(22.02 - 29.00),38.22,(34.46 - 42.13),36.52,(33.18 - 39.99)
"Regions 3, 8, 9, and 51",33.54,(29.49 - 37.85),25.64,(21.62 - 30.13),38.45,(34.33 - 42.75),36.56,(32.89 - 40.40)
"Regions 4, 11, 37, and 49",34.46,(30.68 - 38.45),29.87,(25.52 - 34.62),37.20,(33.36 - 41.22),36.21,(32.77 - 39.79)
"Regions 5, 18, 23, 24, and 46",34.16,(29.87 - 38.74),27.98,(23.08 - 33.47),37.31,(33.05 - 41.78),36.05,(32.18 - 40.12)
"Regions 6, 12, 16, 31, 35, 45, and 47",34.85,(30.72 - 39.23),21.02,(17.60 - 24.91),36.99,(32.98 - 41.19),33.90,(30.51 - 37.47)
"Regions 7, 13, 20, and 33",35.42,(32.43 - 38.53),27.42,(24.37 - 30.69),37.91,(34.92 - 41.00),36.53,(33.87 - 39.28)
"Regions 10, 15, 27, 32, 43, and 44",31.77,(27.76 - 36.08),24.56,(20.11 - 29.64),36.84,(32.63 - 41.26),35.25,(31.44 - 39.26)
Regions 17 and 21,34.50,(30.34 - 38.91),27.06,(22.87 - 31.71),39.27,(34.99 - 43.71),37.33,(33.58 - 41.23)
"Regions 19, 26, 28, and 42",36.93,(33.22 - 40.81),29.86,(25.86 - 34.19),39.22,(35.30 - 43.29),37.99,(34.47 - 41.64)
"Regions 22, 38, 40, 41, and 48",35.50,(31.62 - 39.58),30.56,(25.97 - 35.57),36.73,(32.71 - 40.95),35.97,(32.32 - 39.78)
Regions 29 and 34,35.35,(31.04 - 39.90),31.83,(26.65 - 37.51),41.13,(36.70 - 45.70),39.86,(35.83 - 44.04)
Regions 30 and 50,34.34,(30.41 - 38.51),25.10,(21.08 - 29.61),37.73,(33.69 - 41.96),36.02,(32.41 - 39.80)
Region 36 (Philadelphia),43.33,(39.69 - 47.04),38.57,(34.83 - 42.45),44.55,(40.80 - 48.37),43.58,(40.33 - 46.90)
Rhode Island,38.70,(35.62 - 41.87),28.43,(25.36 - 31.72),39.69,(36.52 - 42.95),37.92,(35.14 - 40.78)
Bristol and Newport,37.83,(32.92 - 42.99),28.49,(22.94 - 34.76),38.16,(32.95 - 43.66),36.63,(32.01 - 41.52)
Kent,36.24,(31.39 - 41.38),25.71,(20.73 - 31.42),37.49,(32.68 - 42.55),36.07,(31.67 - 40.72)
Providence,39.87,(36.01 - 43.87),29.90,(26.18 - 33.90),40.72,(36.92 - 44.63),38.94,(35.64 - 42.36)
Washington,37.02,(32.49 - 41.79),24.06,(19.15 - 29.77),39.40,(34.42 - 44.61),36.80,(32.39 - 41.43)
South Carolina,42.74,(39.86 - 45.66),35.64,(32.71 - 38.69),46.18,(43.16 - 49.23),44.69,(42.03 - 47.38)
Region 1,41.33,(36.67 - 46.16),35.23,(30.06 - 40.76),44.58,(39.96 - 49.28),43.32,(39.17 - 47.55)
Region 2,42.99,(38.88 - 47.21),34.55,(30.27 - 39.09),47.53,(43.34 - 51.76),45.60,(41.93 - 49.31)
Region 3,43.81,(38.97 - 48.78),38.07,(32.75 - 43.69),46.36,(41.43 - 51.37),45.27,(40.81 - 49.80)
Region 4,43.06,(38.70 - 47.53),35.81,(31.19 - 40.71),46.17,(41.60 - 50.80),44.66,(40.66 - 48.73)
South Dakota,33.29,(30.57 - 36.13),22.92,(20.33 - 25.73),38.12,(35.29 - 41.03),35.76,(33.27 - 38.32)
Region 1,33.20,(28.75 - 37.98),22.11,(17.79 - 27.12),36.29,(31.56 - 41.30),33.91,(29.80 - 38.29)
Region 2,32.53,(28.46 - 36.88),21.69,(18.17 - 25.68),38.07,(34.02 - 42.29),35.71,(32.14 - 39.46)
Region 3,33.24,(28.77 - 38.04),22.61,(18.51 - 27.33),36.77,(32.15 - 41.64),34.11,(30.13 - 38.33)
Region 4,32.86,(28.25 - 37.82),23.48,(18.31 - 29.58),38.43,(33.56 - 43.53),35.96,(31.62 - 40.54)
Region 5,33.17,(28.48 - 38.22),23.01,(18.27 - 28.55),37.63,(32.77 - 42.74),35.65,(31.30 - 40.25)
Region 6,34.00,(29.24 - 39.11),*,(* - *),39.13,(34.19 - 44.29),37.37,(32.90 - 42.08)
Region 7,34.57,(29.97 - 39.48),24.48,(19.61 - 30.11),41.04,(36.40 - 45.85),38.60,(34.43 - 42.96)
Tennessee,41.48,(38.50 - 44.52),34.84,(31.92 - 37.86),46.90,(43.71 - 50.11),45.28,(42.45 - 48.13)
Region 1,37.62,(32.83 - 42.66),31.89,(26.15 - 38.24),45.10,(40.05 - 50.25),43.54,(38.91 - 48.29)
Region 2,38.25,(33.47 - 43.26),30.19,(25.53 - 35.31),45.58,(40.71 - 50.55),43.59,(39.24 - 48.04)
Region 3,39.38,(34.53 - 44.45),35.18,(29.91 - 40.84),46.32,(41.46 - 51.26),44.86,(40.48 - 49.32)
Region 4 (Davidson),*,(* - *),36.47,(30.88 - 42.45),48.61,(43.14 - 54.12),46.96,(42.02 - 51.95)
Region 5,39.82,(35.59 - 44.21),30.95,(26.18 - 36.16),45.30,(40.69 - 50.00),43.32,(39.19 - 47.55)
Region 6,42.24,(37.15 - 47.51),39.84,(33.92 - 46.08),47.67,(42.47 - 52.93),46.62,(41.89 - 51.41)
Region 7 (Shelby),48.28,(43.13 - 53.46),42.78,(36.90 - 48.86),51.26,(46.09 - 56.40),50.01,(45.36 - 54.66)
Texas,41.31,(39.71 - 42.92),35.92,(34.26 - 37.61),46.38,(44.65 - 48.12),44.70,(43.21 - 46.20)
Region 1,37.32,(32.90 - 41.96),31.34,(26.71 - 36.38),45.28,(40.89 - 49.75),42.73,(38.92 - 46.62)
Region 2,38.71,(34.07 - 43.58),31.75,(26.29 - 37.76),43.39,(38.64 - 48.26),41.38,(37.16 - 45.73)
Region 3,41.26,(38.74 - 43.83),35.15,(32.63 - 37.76),45.85,(43.23 - 48.49),44.25,(41.96 - 46.58)
Region 3a,41.63,(38.41 - 44.91),35.95,(32.72 - 39.30),46.76,(43.52 - 50.03),45.16,(42.30 - 48.05)
Region 3bc,40.63,(36.98 - 44.39),33.79,(30.13 - 37.66),44.25,(40.58 - 47.98),42.67,(39.43 - 45.98)
Region 4,38.31,(34.25 - 42.54),35.99,(31.06 - 41.23),43.45,(39.13 - 47.88),42.36,(38.50 - 46.31)
Region 5,41.57,(36.85 - 46.44),36.66,(31.29 - 42.39),46.01,(41.26 - 50.83),44.55,(40.32 - 48.87)
Region 6,43.47,(40.59 - 46.39),37.14,(34.36 - 40.00),46.46,(43.52 - 49.44),45.03,(42.46 - 47.62)
Region 6a,43.87,(40.74 - 47.05),37.59,(34.60 - 40.68),46.71,(43.52 - 49.93),45.30,(42.52 - 48.11)
Region 6bc,40.10,(35.42 - 44.96),33.33,(27.94 - 39.19),44.50,(39.83 - 49.26),42.84,(38.59 - 47.19)
Region 7,40.72,(37.54 - 43.98),32.60,(29.30 - 36.09),42.69,(39.59 - 45.86),40.77,(38.09 - 43.50)
Region 7a,40.43,(36.22 - 44.78),32.94,(28.70 - 37.48),42.03,(38.17 - 45.98),40.46,(37.09 - 43.94)
Region 7bcd,41.14,(36.89 - 45.53),32.18,(27.65 - 37.06),43.84,(39.63 - 48.14),41.25,(37.67 - 44.93)
Region 8,39.95,(35.89 - 44.16),36.21,(31.82 - 40.84),46.39,(42.60 - 50.21),44.81,(41.44 - 48.23)
Region 9,38.44,(33.66 - 43.45),35.17,(29.86 - 40.86),45.99,(41.31 - 50.74),44.17,(40.01 - 48.42)
Region 10,42.11,(37.49 - 46.88),41.10,(35.34 - 47.11),54.82,(50.07 - 59.48),52.46,(48.26 - 56.62)
Region 11,41.62,(38.31 - 45.02),41.18,(36.94 - 45.57),53.48,(49.96 - 56.96),51.34,(48.23 - 54.44)
Region 11abd,40.94,(36.78 - 45.24),40.67,(35.28 - 46.31),53.31,(48.94 - 57.64),51.17,(47.25 - 55.07)
Region 11c (Hidalgo),42.81,(38.24 - 47.51),42.10,(36.20 - 48.24),53.80,(49.10 - 58.43),51.67,(47.48 - 55.83)
Utah,50.61,(47.27 - 53.94),45.11,(41.45 - 48.83),52.91,(49.25 - 56.55),51.31,(48.24 - 54.37)
"Bear River, Northeastern, Summit, Tooele, and Wasatch",48.39,(42.96 - 53.87),*,(* - *),51.35,(45.96 - 56.71),49.38,(44.65 - 54.12)
"Central, Four Corners, San Juan, and Southwest",48.55,(43.12 - 54.00),*,(* - *),52.68,(47.14 - 58.14),51.19,(46.35 - 56.00)
Davis County,52.35,(46.76 - 57.89),*,(* - *),53.84,(48.59 - 59.01),51.85,(47.26 - 56.40)
Salt Lake County,49.95,(45.50 - 54.41),43.66,(38.80 - 48.65),52.04,(47.40 - 56.64),50.62,(46.55 - 54.68)
Utah County,55.61,(50.18 - 60.91),50.33,(44.44 - 56.22),57.14,(51.74 - 62.38),55.05,(50.60 - 59.42)
"Weber, Morgan",45.66,(39.81 - 51.63),*,(* - *),50.94,(45.51 - 56.35),48.96,(44.07 - 53.87)
Vermont,33.50,(30.65 - 36.47),20.36,(17.92 - 23.04),39.61,(36.55 - 42.75),36.88,(34.21 - 39.64)
Champlain Valley,33.01,(29.25 - 36.99),19.20,(16.39 - 22.37),38.21,(34.32 - 42.25),35.10,(31.77 - 38.58)
Rural Northeast,34.08,(29.84 - 38.59),21.10,(17.06 - 25.80),41.34,(36.53 - 46.32),38.59,(34.31 - 43.06)
Rural Southeast,33.44,(29.26 - 37.89),20.60,(16.49 - 25.42),39.43,(34.67 - 44.40),37.22,(32.93 - 41.73)
Rural Southwest,33.94,(29.26 - 38.95),22.42,(17.88 - 27.72),40.52,(35.67 - 45.55),38.17,(33.81 - 42.73)
Virginia,40.83,(37.85 - 43.88),33.07,(30.06 - 36.22),45.77,(42.57 - 49.01),43.96,(41.12 - 46.83)
Region 1,39.60,(35.05 - 44.34),32.07,(27.01 - 37.60),42.78,(38.03 - 47.66),41.10,(36.86 - 45.47)
Region 2,41.27,(36.53 - 46.17),31.12,(26.14 - 36.59),46.29,(41.49 - 51.15),44.59,(40.24 - 49.03)
Region 3,38.11,(33.49 - 42.96),31.49,(26.49 - 36.95),44.53,(39.69 - 49.47),42.58,(38.24 - 47.04)
Region 4,41.86,(37.14 - 46.74),35.10,(29.86 - 40.73),47.09,(42.26 - 51.97),45.36,(41.02 - 49.77)
Region 5,42.10,(37.49 - 46.86),35.03,(30.00 - 40.43),47.15,(42.19 - 52.16),45.19,(40.87 - 49.58)
Washington,36.51,(33.80 - 39.32),30.92,(28.05 - 33.93),42.49,(39.55 - 45.48),40.88,(38.24 - 43.56)
Region 1,37.08,(33.27 - 41.06),30.99,(27.08 - 35.19),43.61,(39.75 - 47.55),41.54,(38.15 - 45.01)
East 1 (previously Region 1),36.07,(31.31 - 41.12),28.97,(24.39 - 34.04),42.42,(37.67 - 47.31),40.21,(36.06 - 44.50)
East 2 (previously Region 2),38.30,(33.60 - 43.23),33.82,(28.29 - 39.83),45.28,(40.45 - 50.20),43.41,(39.09 - 47.83)
Region 2,36.54,(33.13 - 40.10),30.36,(26.77 - 34.21),42.52,(38.86 - 46.26),40.96,(37.67 - 44.33)
North 1 (previously Region 3),35.81,(31.46 - 40.41),30.74,(25.59 - 36.43),43.49,(38.69 - 48.43),41.67,(37.36 - 46.10)
North 2 (previously Region 4),37.04,(32.74 - 41.56),30.10,(25.85 - 34.72),41.98,(37.66 - 46.43),40.56,(36.63 - 44.61)
Region 3,36.07,(32.58 - 39.71),31.59,(27.49 - 35.99),41.72,(37.98 - 45.57),40.32,(36.93 - 43.81)
West 1 (previously Region 5),36.32,(31.80 - 41.10),30.65,(25.39 - 36.46),41.51,(36.76 - 46.42),39.95,(35.67 - 44.40)
West 2 (previously Region 6),35.82,(31.52 - 40.35),32.52,(27.30 - 38.21),41.91,(37.31 - 46.66),40.66,(36.49 - 44.97)
West Virginia,40.54,(37.73 - 43.42),33.04,(30.14 - 36.08),43.43,(40.24 - 46.67),42.10,(39.23 - 45.02)
Region I,40.50,(35.26 - 45.97),30.88,(25.16 - 37.26),42.98,(37.73 - 48.39),41.54,(36.73 - 46.52)
Region II,40.84,(36.19 - 45.66),34.35,(29.00 - 40.12),42.88,(38.15 - 47.74),41.86,(37.50 - 46.35)
Region III,40.53,(35.55 - 45.72),34.09,(28.18 - 40.53),43.07,(38.03 - 48.26),42.06,(37.39 - 46.89)
Region IV,41.60,(36.89 - 46.46),29.71,(25.35 - 34.47),44.29,(39.62 - 49.06),41.87,(37.79 - 46.06)
Region V,39.87,(35.53 - 44.37),34.93,(30.33 - 39.82),43.42,(38.70 - 48.26),42.39,(38.12 - 46.78)
Region VI,40.18,(35.60 - 44.93),34.87,(29.67 - 40.46),43.29,(38.54 - 48.18),42.34,(38.01 - 46.79)
Wisconsin,36.16,(33.33 - 39.09),26.23,(23.62 - 29.00),36.85,(33.93 - 39.86),35.29,(32.73 - 37.94)
Milwaukee,42.65,(37.70 - 47.76),34.22,(29.27 - 39.53),40.63,(35.78 - 45.67),39.68,(35.37 - 44.14)
Northeastern,34.30,(29.81 - 39.09),23.42,(19.28 - 28.13),36.00,(31.62 - 40.62),34.27,(30.35 - 38.41)
Northern,34.41,(29.69 - 39.46),25.22,(20.54 - 30.56),34.69,(29.95 - 39.75),33.40,(29.16 - 37.93)
Southeastern,34.95,(30.85 - 39.29),26.53,(22.13 - 31.45),37.68,(33.40 - 42.16),36.16,(32.35 - 40.14)
Southern,34.80,(30.38 - 39.50),23.95,(19.69 - 28.79),35.33,(31.08 - 39.84),33.56,(29.80 - 37.55)
Western,35.41,(30.64 - 40.48),24.81,(20.08 - 30.23),36.14,(31.45 - 41.11),34.25,(30.10 - 38.66)
Wyoming,35.73,(33.03 - 38.53),26.40,(23.36 - 29.69),41.41,(38.35 - 44.53),39.12,(36.49 - 41.82)
Judicial District 1 (Laramie),37.31,(32.57 - 42.30),28.37,(23.24 - 34.13),44.00,(39.28 - 48.83),41.91,(37.69 - 46.26)
Judicial District 2,36.24,(31.25 - 41.56),24.77,(20.36 - 29.78),42.64,(37.61 - 47.82),37.66,(33.65 - 41.84)
Judicial District 3,35.39,(30.92 - 40.12),24.88,(20.19 - 30.25),40.31,(35.68 - 45.11),37.87,(33.80 - 42.12)
Judicial District 4,33.81,(29.00 - 38.98),*,(* - *),40.54,(35.25 - 46.06),38.54,(33.78 - 43.54)
Judicial District 5,35.47,(30.70 - 40.54),27.44,(22.07 - 33.56),40.74,(35.65 - 46.03),38.90,(34.39 - 43.61)
Judicial District 6,37.05,(32.35 - 42.02),26.08,(20.99 - 31.90),40.13,(35.27 - 45.18),38.07,(33.74 - 42.59)
Judicial District 7 (Natrona),35.08,(30.66 - 39.77),26.64,(21.90 - 31.98),39.93,(35.21 - 44.84),37.97,(33.84 - 42.27)
Judicial District 8,34.37,(29.39 - 39.71),27.96,(22.30 - 34.43),41.47,(36.03 - 47.14),39.70,(34.79 - 44.83)
Judicial District 9,35.41,(30.78 - 40.35),*,(* - *),41.99,(36.93 - 47.22),40.18,(35.58 - 44.96)
